trial,time
1,0.012307
2,0.012080
3,0.012012
4,0.013001
5,0.014924
6,0.012765
7,0.011420
8,0.012086
