trial,time
1,0.011037
2,0.010937
3,0.010847
4,0.010833
5,0.010882
6,0.010979
7,0.011120
8,0.011354
9,0.010945
10,0.011000
