trial,time
1,0.030161
2,0.018028
3,0.016491
4,0.017189
5,0.017033
6,0.016765
7,0.016299
8,0.016957
