trial,time
1,0.029410
2,0.016245
3,0.017006
4,0.016379
5,0.016103
6,0.016242
7,0.017559
8,0.016182
9,0.017299
10,0.016096
