trial,time
1,0.032342
2,0.030208
3,0.020699
4,0.013279
5,0.012070
6,0.012060
7,0.011729
8,0.011791
9,0.011620
10,0.011586
