trial,time
1,0.001033
2,0.001010
3,0.000767
4,0.000682
5,0.000823
6,0.001169
7,0.001078
8,0.001274
9,0.000964
10,0.001021
