trial,time
1,0.001953
2,0.001572
3,0.001659
4,0.001672
5,0.001617
6,0.001675
7,0.001608
8,0.001630
9,0.001754
10,0.001560
