trial,time
1,0.003057
2,0.002899
3,0.002395
4,0.002306
5,0.002448
6,0.002432
7,0.002548
8,0.002408
