trial,time
1,0.001723
2,0.001479
3,0.001627
4,0.001539
5,0.001567
6,0.001473
7,0.001583
8,0.001476
