trial,time
1,0.000928
2,0.000741
3,0.000622
4,0.000565
5,0.000553
6,0.000520
7,0.000616
8,0.000571
9,0.000592
10,0.000560
