trial,time
1,0.001651
2,0.001039
3,0.000989
4,0.000949
5,0.000979
6,0.000993
7,0.000935
8,0.000925
9,0.000891
10,0.000901
