trial,time
1,0.000630
2,0.000532
3,0.000444
4,0.000696
5,0.000598
6,0.000500
7,0.000752
8,0.001053
9,0.000578
10,0.000604
