trial,time
1,0.001557
2,0.001136
3,0.001001
4,0.000875
5,0.000956
6,0.000898
7,0.000875
8,0.001008
9,0.000961
10,0.000894
