trial,time
1,0.002658
2,0.002431
3,0.002413
4,0.002383
5,0.002755
6,0.002242
7,0.002210
8,0.002308
9,0.002224
10,0.002195
