trial,time
1,0.002766
2,0.002175
3,0.002238
4,0.002323
5,0.002505
6,0.002277
7,0.002550
8,0.002343
9,0.002230
10,0.002253
