trial,time
1,0.010672
2,0.010406
3,0.010501
4,0.011581
5,0.010648
6,0.011348
7,0.010805
8,0.010462
9,0.010430
10,0.010390
