trial,time
1,0.028872
2,0.028492
3,0.022874
4,0.015527
5,0.012351
6,0.011864
7,0.011159
8,0.011490
9,0.012103
10,0.011982
