trial,time
1,0.035590
2,0.015378
3,0.016901
4,0.016390
5,0.016959
6,0.015478
7,0.016601
8,0.016231
9,0.015952
10,0.015632
