trial,time
1,0.038826
2,0.016748
3,0.021002
4,0.016366
5,0.015871
6,0.017120
7,0.016778
8,0.016670
