trial,time
1,0.002267
2,0.002032
3,0.001892
4,0.002192
5,0.001337
6,0.000582
7,0.000556
8,0.000560
9,0.000544
10,0.000643
