trial,time
1,0.001369
2,0.001112
3,0.001011
4,0.001042
5,0.000990
6,0.001088
7,0.001309
8,0.001210
9,0.001249
10,0.001054
