trial,time
1,0.001079
2,0.000959
3,0.001071
4,0.001037
5,0.000998
6,0.000941
7,0.000781
8,0.000950
9,0.000881
10,0.000890
