trial,time
1,0.002577
2,0.001934
3,0.002009
4,0.002099
5,0.002285
6,0.001646
7,0.001765
8,0.001875
9,0.001581
10,0.000572
